prov,time,gdp,pergdp,ei,fdi,il,lnpergdp,ui,pilot,post09,cross09,post10,cross10,post11,cross11,post12,cross12,post13,cross13,post14,cross14,post15,cross15,post16,cross16,lnlctfp,lnlci,eps,ind_num1,ind_num2,ind_num3,ind_num4,forest1,forest2,forest3
北京,2008,10488.03,63029.0,0.6032714389642287,0.026067812544395847,0.257,11.051350216920406,0.8490000000000001,1,0,0,0,0,0,0,0,0,0,0,0,0,0,0,0,0,0.30010459245033816,7.8407064517494,12418.0,8.882530508433623,4.820281565605037,4.927253685157205,8.752601857748898,21.26,97.29,15548.0
北京,2009,12153.03,70452.0,0.540634083845757,0.021838175335698172,0.235,11.162686905852187,0.85,1,1,1,0,0,0,0,0,0,0,0,0,0,0,0,0,0,0.3148107398400336,8.11701408773731,13799.0,8.837826364007704,4.8283137373023015,5.062595033026967,8.790321195358189,31.72,101.46,17566.0
北京,2010,14113.58,75943.0,0.49272047772429106,0.016849020588681256,0.24,11.237738337877763,0.8595999999999999,1,1,1,1,1,0,0,0,0,0,0,0,0,0,0,0,0,0.4252677354043441,8.400659375160286,17782.0,8.83695515733143,4.543294782270004,4.897839799950911,8.847079488268262,31.72,101.46,13887.0
北京,2011,16251.93,81658.0,0.43043490157784337,0.01616423403251183,0.231,11.31029507277839,0.862,1,1,1,1,1,1,1,0,0,0,0,0,0,0,0,0,0,0.5596157879354227,8.630878955820053,16852.0,8.228443883004033,4.477336814478207,4.948759890378168,8.853007768969983,31.72,101.46,20796.0
北京,2012,17879.4,87475.0,0.4014498215823797,0.016158260344306855,0.22699999999999998,11.37910831723589,0.862,1,1,1,1,1,1,1,1,1,0,0,0,0,0,0,0,0,0.5596157879354227,8.85209276347713,17022.0,8.213923595622743,4.48863636973214,5.2574953720277815,8.878731754760121,31.72,101.46,35752.0
北京,2013,19500.56,93213.0,0.3448106105670811,0.01597390023671115,0.223,11.442642475925098,0.863,1,1,1,1,1,1,1,1,1,1,1,0,0,0,0,0,0,0.7371640659767196,9.017604776833355,18553.0,8.216358332386156,4.795790545596741,5.438079308923196,8.813438494528507,35.84,101.35,45813.0
北京,2014,21330.83,99995.0,0.3202407032450214,0.010318398299550462,0.213,11.512875463720187,0.8634999999999999,1,1,1,1,1,1,1,1,1,1,1,1,1,0,0,0,0,0.6151856390902335,9.134322885552267,18833.0,8.212297138229768,5.123963979403259,5.552959584921617,8.82922635473185,35.84,101.35,22937.0
北京,2015,23014.59,106497.0,0.29559509858746125,0.014088063267692363,0.1973809,11.575872094720777,0.865,1,1,1,1,1,1,1,1,1,1,1,1,1,1,1,0,0,0.688134638736401,9.262837940933936,22633.0,8.17413934342947,4.941642422609304,5.198497031265826,8.825118970345061,35.84,101.35,20331.0
北京,2016,25669.13,118198.0,0.2694676445987846,0.011807568078855806,0.19260000000000002,11.680116463337209,0.865,1,1,1,1,1,1,1,1,1,1,1,1,1,1,1,1,1,0.7839015438284094,9.351839934249883,27497.0,8.113726085970747,5.204006687076795,5.407171771460119,8.841737428600585,35.84,101.35,19064.0
天津,2008,6354.38,55473.0,0.8440779068925686,0.045228645438264624,0.601,10.923651694875096,0.7723,1,0,0,0,0,0,0,0,0,0,0,0,0,0,0,0,0,-0.09431067947124129,6.486160788944089,6015.0,8.980927207648378,5.60947179518496,6.373319789577012,8.587389141580394,8.14,13.44,11216.0
天津,2009,7521.85,62574.0,0.7809362856212235,0.03539022979719085,0.53,11.044105135349268,0.7801,1,1,1,0,0,0,0,0,0,0,0,0,0,0,0,0,0,-0.01005033585350145,6.672032945461067,6886.0,9.02713842775492,5.6937321388027,6.628041376179533,8.67830568434561,8.24,14.22,15654.0
天津,2010,9224.46,72994.0,0.739130529049939,0.030831073038421763,0.525,11.198132524971777,0.7955,1,1,1,1,1,0,0,0,0,0,0,0,0,0,0,0,0,-0.030459207484708574,6.942156705699469,8230.0,8.98054977794018,5.459585514144159,6.302618975744905,8.82733318627524,8.24,14.22,11315.0
天津,2011,11307.28,85213.0,0.6719962714286725,0.025965572622239832,0.524,11.352909283337558,0.805,1,1,1,1,1,1,1,0,0,0,0,0,0,0,0,0,0,-0.020202707317519466,7.1276936993473985,8745.0,8.519789817263504,5.484796933490655,6.066108090103747,8.93569955810591,8.24,14.22,7401.0
天津,2012,12893.88,93173.0,0.6365817201649154,0.024717152633652557,0.517,11.44221325913184,0.8155,1,1,1,1,1,1,1,1,1,0,0,0,0,0,0,0,0,-0.01005033585350145,7.484368643286131,8218.0,8.583355393669907,5.267858159063328,6.102558594613569,9.012865578618616,8.24,14.22,5357.0
天津,2013,14370.16,99607.0,0.548497720275905,0.022964253703507825,0.506,11.508987722227586,0.8201,1,1,1,1,1,1,1,1,1,1,1,0,0,0,0,0,0,0.06765864847381486,7.62657020629066,8746.0,8.591001118560957,5.159055299214529,6.3818160174060985,8.97233695775495,9.87,15.62,5792.0
天津,2014,15726.93,105231.0,0.517901459471111,0.025173380945931596,0.49200000000000005,11.563913212683147,0.8227,1,1,1,1,1,1,1,1,1,1,1,1,1,0,0,0,0,0.03922071315328133,7.669961995473577,9219.0,8.612685172875459,5.099866427824199,6.39024066706535,9.005159521036145,9.87,15.62,7061.0
天津,2015,16538.19,107960.0883,0.5030175611720509,0.023066925703477834,0.46584420000000004,11.589516885027123,0.8264,1,1,1,1,1,1,1,1,1,1,1,1,1,1,1,0,0,0.03922071315328133,7.9817332866918855,10107.0,8.617038526385954,5.4116460518550396,6.3818160174060985,9.026297334283887,9.87,15.62,8032.0
天津,2016,17885.39,115053.0,0.4516535563384416,0.023567839448846238,0.4233,11.653148170742845,0.8293,1,1,1,1,1,1,1,1,1,1,1,1,1,1,1,1,1,0.02955880224154443,8.235625719964311,12830.0,8.556990661290303,5.153291594497779,6.045005314036012,8.996899596123358,9.87,15.62,9291.0
河北省,2008,16188.61,23239.0,1.502406241178211,0.02010672936095193,0.542,10.053587180780166,0.419,0,0,0,0,0,0,0,0,0,0,0,0,0,0,0,0,0,-0.527632742082372,5.978885764901122,2779.0,9.429234909000977,5.62040086571715,6.556778356158042,10.099131171121638,17.69,624.55,345782.0
河北省,2009,17235.48,24581.0,1.474794243038198,0.015671162044805252,0.52,10.109729065774982,0.43,0,1,0,0,0,0,0,0,0,0,0,0,0,0,0,0,0,-0.527632742082372,6.198478716492308,3263.0,9.48006211905097,5.342334251964811,6.453624998892692,10.143243813470573,22.29,705.37,306373.0
河北省,2010,20394.26,28668.0,1.349944052885469,0.012488808125423526,0.525,10.26353679711381,0.445,0,1,0,1,0,0,0,0,0,0,0,0,0,0,0,0,0,-0.5621189181535413,6.740519359606223,3539.0,9.541584681053092,5.91350300563827,6.782192056006791,10.223071916975128,22.29,705.37,283878.0
河北省,2011,24515.76,33969.0,1.2032378849360574,0.012644927181535471,0.535,10.43320362298215,0.456,0,1,0,1,0,1,0,0,0,0,0,0,0,0,0,0,0,-0.579818495252942,6.882437470997847,3983.0,9.356170820187723,6.054439346269371,6.870053411798126,10.292087615226441,22.29,705.37,286423.0
河北省,2012,26575.01,36584.0,1.1382954768408367,0.012466599259981465,0.527,10.507366265337891,0.46799999999999997,0,1,0,1,0,1,0,1,0,0,0,0,0,0,0,0,0,-0.579818495252942,7.251344983372214,4478.0,9.422220731011683,5.991464547107982,6.957497370876951,10.317258527896843,22.29,705.37,312360.0
河北省,2013,28301.41,38716.0,1.0481456577605144,0.013808499293851438,0.522,10.564008230268978,0.48119999999999996,0,1,0,1,0,1,0,1,0,1,0,0,0,0,0,0,0,-0.6348782724359695,7.394493107219038,4897.0,9.445333439647541,6.139884552226255,7.091742115095153,10.297689468365581,23.41,718.08,318737.0
河北省,2014,29421.15,39984.0,0.996561997066736,0.011498530818815716,0.51,10.596234653074733,0.49329999999999996,0,1,0,1,0,1,0,1,0,1,0,1,0,0,0,0,0,-0.7339691750802004,7.3938782901077555,5131.0,9.60184177306696,6.137727054086234,7.16703787691222,10.286025156000587,23.41,718.08,340042.0
河北省,2015,29806.11,40255.0,1.0412965663751492,0.008398767903627813,0.4826819,10.60298949873408,0.5133,0,1,0,1,0,1,0,1,0,1,0,1,0,1,0,0,0,-0.8675005677047231,7.633369649679584,5759.0,9.635281256585003,6.369900982828227,7.404279118037268,10.342935320141757,23.41,718.08,366523.0
河北省,2016,32070.45,43062.0,0.9809029807813735,0.01420871861791774,0.4757,10.670396216658126,0.5332,0,1,0,1,0,1,0,1,0,1,0,1,0,1,0,1,0,-0.9675840262617056,7.764720544771477,6438.0,9.59994706414989,6.340359303727752,7.627057417018934,10.356408601800588,23.41,718.08,583361.0
山西省,2008,6938.73,20398.0,2.2591196069021278,0.005245916759983455,0.615,9.923192135810464,0.4511,0,0,0,0,0,0,0,0,0,0,0,0,0,0,0,0,0,-0.4620354595965587,5.272999558563747,2355.0,8.392763113038061,6.2878585601617845,6.930494765951626,9.659849223194676,13.29,690.94,280378.0
山西省,2009,7358.31,21522.0,2.1167589609570676,0.00739300192571392,0.5429999999999999,9.976830946760337,0.45990000000000003,0,1,0,0,0,0,0,0,0,0,0,0,0,0,0,0,0,-0.4462871026284195,5.707110264748875,2707.0,8.299783171949787,6.395261598115449,7.095064377287131,9.653471690752673,14.12,754.58,326602.0
山西省,2010,9200.86,26283.0,1.8267890175483594,0.006879791671648084,0.569,10.176677621334473,0.4805,0,1,0,1,0,0,0,0,0,0,0,0,0,0,0,0,0,-0.4942963218147801,5.976350909297934,3487.0,8.352318548226004,6.680854678790215,7.327123292259293,9.729612027387594,14.12,754.58,282371.0
山西省,2011,11237.55,31357.0,1.629814277133361,0.007101191985797616,0.59,10.353192806623015,0.49700000000000005,0,1,0,1,0,1,0,0,0,0,0,0,0,0,0,0,0,-0.4620354595965587,5.958424693029782,3433.0,8.209308411646937,6.7661917146603505,7.5595594960077,9.815482194438184,14.12,754.58,299713.0
山西省,2012,12112.83,33628.0,1.596289914908407,0.006290850280240044,0.556,10.423114332255187,0.5126,0,1,0,1,0,1,0,1,0,0,0,0,0,0,0,0,0,-0.4780358009429998,6.352629396319567,3871.0,8.270013062273787,6.902742737158593,7.655864017616056,9.86970263543768,14.12,754.58,302851.0
山西省,2013,12602.24,34813.0,1.5680545680767863,0.004792798740541364,0.539,10.45774615922359,0.5256000000000001,0,1,0,1,0,1,0,1,0,1,0,0,0,0,0,0,0,-0.579818495252942,6.4692503167957724,4433.0,8.28045768658256,6.919683849847411,7.6487397889562425,9.891465577308802,18.03,765.55,298796.0
山西省,2014,12761.49,35070.0,1.556479690067539,0.005250170630545493,0.493,10.465101343134224,0.5379,0,1,0,1,0,1,0,1,0,1,0,1,0,0,0,0,0,-0.7339691750802004,6.5337888379333435,4734.0,8.270269111436624,7.071573364211532,7.746300662231439,9.896613983592955,18.03,765.55,303501.0
山西省,2015,12766.49,34918.71,1.4905428195220456,0.007505422398795597,0.40686750000000005,10.460778067690425,0.5503,0,1,0,1,0,1,0,1,0,1,0,1,0,1,0,0,0,-0.916290731874155,6.682108597449809,4870.0,8.254528881939745,7.085064293952548,7.856319571406588,9.853719410302007,18.03,765.55,285944.0
山西省,2016,13050.41,35532.0,1.4539006820475373,0.008410463732557062,0.38539999999999996,10.478188977889591,0.5621,0,1,0,1,0,1,0,1,0,1,0,1,0,1,0,1,0,-1.0216512475319814,6.785587645007929,4984.0,8.17413934342947,6.410174881966167,7.659642954564682,9.850824899952823,18.03,765.55,266694.0
内蒙古自治区,2008,7761.8,32214.0,1.8166302648870107,0.013656626040351465,0.55,10.380156419650625,0.5171,0,0,0,0,0,0,0,0,0,0,0,0,0,0,0,0,0,-0.5978370007556204,4.7535901911063645,2483.0,8.292298107063221,6.543911845564792,7.346010209913293,9.553952827880492,17.7,4403.61,718562.0
内蒙古自治区,2009,9740.25,40282.0,1.5752726387926388,0.01071841071841072,0.525,10.603659998032827,0.534,0,1,0,0,0,0,0,0,0,0,0,0,0,0,0,0,0,-0.4780358009429998,4.836281906951478,2972.0,8.4040244933106,6.71174039505618,7.539027055823995,9.638450423646985,20.0,4394.93,865933.0
内蒙古自治区,2010,11672.0,47347.0,1.4410815678546949,0.010023989033584648,0.546,10.76525873863448,0.555,0,1,0,1,0,0,0,0,0,0,0,0,0,0,0,0,0,-0.4620354595965587,5.262690188904886,3521.0,8.436200032206706,6.80903930604298,7.646353722445999,9.730342013030567,20.0,4394.93,655180.0
内蒙古自治区,2011,14359.88,57974.0,1.3048095401911437,0.0036420917166438715,0.56,10.967749913160826,0.5660000000000001,0,1,0,1,0,1,0,0,0,0,0,0,0,0,0,0,0,-0.4307829160924542,5.583496308781699,3783.0,8.336869637284956,6.714170529909472,7.551186867296149,9.838250568863716,20.0,4394.93,731837.0
内蒙古自治区,2012,15880.58,63886.0,1.2459058705664403,0.0033563005885175476,0.5539999999999999,11.064855524029626,0.5774,0,1,0,1,0,1,0,1,0,0,0,0,0,0,0,0,0,-0.40047756659712525,5.541263545158426,4053.0,8.353261499733874,6.473890696352274,7.510430556378006,9.892715127756329,20.0,4394.93,781617.0
内蒙古自治区,2013,16832.38,67498.0,1.0504159245454296,0.0030298745631930834,0.54,11.119853246792026,0.5871,0,1,0,1,0,1,0,1,0,1,0,0,0,0,0,0,0,-0.31471074483970024,6.095824562432225,4301.0,8.384118837190895,6.787844982309579,7.754052639035757,9.780245895678089,21.03,4398.89,805156.0
内蒙古自治区,2014,17770.19,71046.0,1.03032100388347,0.005289757734723152,0.513,11.171082833559012,0.5951,0,1,0,1,0,1,0,1,0,1,0,1,0,0,0,0,0,-0.3856624808119846,5.996452088619021,4333.0,8.392310009269547,7.1098794630722715,7.967973179662935,9.815148021212604,21.03,4398.89,559247.0
内蒙古自治区,2015,17831.50878,71100.54421,1.0534161877018686,0.0017168597664790539,0.5047569,11.171850269911126,0.603,0,1,0,1,0,1,0,1,0,1,0,1,0,1,0,0,0,-0.40047756659712525,6.259581464064923,4441.0,8.390268497842571,6.641182169740591,7.665284718471351,9.840760722627824,21.03,4398.89,704054.0
内蒙古自治区,2016,18128.1,72064.0,1.0651971249055334,0.005937191432086098,0.4718,11.185309892059308,0.6119,0,1,0,1,0,1,0,1,0,1,0,1,0,1,0,1,0,-0.4462871026284195,6.327936783729195,4546.0,8.36380888451688,6.889591308354466,7.710653323501202,9.86837837542256,21.03,4398.89,618484.0
辽宁省,2008,13461.57,31259.0,1.3223761886615009,0.0483301724835959,0.5579999999999999,10.350062613700509,0.6004999999999999,0,0,0,0,0,0,0,0,0,0,0,0,0,0,0,0,0,-0.6539264674066639,6.899723107284872,3758.0,9.993145424466663,5.5134287461649825,6.51471269087253,9.787024497821463,32.97,634.39,81532.0
辽宁省,2009,15212.49,35239.0,1.2563296988198513,0.05540184414254339,0.52,10.469908702802991,0.6035,0,1,0,0,0,0,0,0,0,0,0,0,0,0,0,0,0,-0.5978370007556204,6.994849985833071,4034.0,10.0589516551602,5.726847747587197,6.786716950605081,9.858066613647432,35.13,666.28,129974.0
辽宁省,2010,18457.27,42355.0,1.1348654286359792,0.049769007009162244,0.541,10.653841756865651,0.621,0,1,0,1,0,0,0,0,0,0,0,0,0,0,0,0,0,-0.6348782724359695,7.336936913707618,4505.0,10.078784494393119,6.008813185442595,7.0825485693553,9.94972768718981,35.13,666.28,190669.0
辽宁省,2011,22226.7,50760.0,1.0218432515848055,0.03287037661911125,0.547,10.834863921828324,0.6409999999999999,0,1,0,1,0,1,0,0,0,0,0,0,0,0,0,0,0,-0.6539264674066639,7.513163545234075,4733.0,9.735896960342167,5.902633333401366,6.866933284461882,10.03065765373088,35.13,666.28,246767.0
辽宁省,2012,24846.43,56649.0,0.9468726396508472,0.035172054898832544,0.532,10.944629614049688,0.6565000000000001,0,1,0,1,0,1,0,1,0,0,0,0,0,0,0,0,0,-0.5978370007556204,7.700295203420117,4942.0,9.76117485976141,6.049733455231958,6.9650803456014065,10.065878677867298,35.13,666.28,246667.0
辽宁省,2013,27077.65,61686.0,0.8021744870769805,0.03436413425832744,0.527,11.029812279770773,0.6645,0,1,0,1,0,1,0,1,0,1,0,0,0,0,0,0,0,-0.4780358009429998,7.720461694599722,5122.0,9.773435813175855,5.953243334287785,6.9975959829819265,9.986034813503693,38.24,699.89,237457.0
辽宁省,2014,28626.58,65201.0,0.7616348163140689,0.02083029128872537,0.502,11.08523008522044,0.6705,0,1,0,1,0,1,0,1,0,1,0,1,0,0,0,0,0,-0.4942963218147801,7.750614732770409,5373.0,9.661861751843032,5.799092654460526,6.877296071497429,9.989802853988047,38.24,699.89,226471.0
辽宁省,2015,28669.016,65354.4122,0.7451249809201683,0.01646389956320789,0.4549152,11.08758023322312,0.6735,0,1,0,1,0,1,0,1,0,1,0,1,0,1,0,0,0,-0.4942963218147801,7.855544677915663,5758.0,9.417679691745425,5.655991810819852,6.55250788703459,9.969368921649641,38.24,699.89,215277.0
辽宁省,2016,22246.9,50791.0,0.937074378902229,0.018141853471719656,0.38689999999999997,10.835474452516607,0.6737000000000001,0,1,0,1,0,1,0,1,0,1,0,1,0,1,0,1,0,-0.5447271754416722,7.865955413933502,6080.0,8.990316947998217,4.6443908991413725,6.111467339502679,9.944965331982438,38.24,699.89,142438.0
吉林省,2008,6424.06,23514.0,1.1241107819665446,0.025560159774348307,0.47700000000000004,10.065351267427687,0.5321,0,0,0,0,0,0,0,0,0,0,0,0,0,0,0,0,0,-0.6348782724359695,5.594711379601839,2507.0,8.567315800819449,5.37989735354046,6.369900982828227,8.884797901256483,38.13,805.57,26114.0
吉林省,2009,7278.75,26595.0,1.0575677994161086,0.021954319079512282,0.48700000000000004,10.188478507176418,0.5332,0,1,0,0,0,0,0,0,0,0,0,0,0,0,0,0,0,-0.616186139423817,5.762051382780177,2917.0,8.688790784847216,5.545177444479562,6.349138991379798,8.94868616335936,38.93,848.73,30228.0
吉林省,2010,8667.58,31599.0,0.9572813507345765,0.017767358363003284,0.52,10.360880753504652,0.5335,0,1,0,1,0,0,0,0,0,0,0,0,0,0,0,0,0,-0.6348782724359695,6.0014148779611505,3647.0,8.729235349659273,5.771441123130016,6.651571873589727,9.023686970275179,38.93,848.73,82584.0
吉林省,2011,10568.83,38460.0,0.861310258562206,0.013634432572006552,0.531,10.55737401914277,0.534,0,1,0,1,0,1,0,0,0,0,0,0,0,0,0,0,0,-0.616186139423817,6.144185634125646,4364.0,8.54830418644129,5.53338948872752,6.423246963533519,9.116363889402189,38.93,848.73,36424.0
吉林省,2012,11939.24,43415.0,0.7909245806265726,0.013845102368324954,0.534,10.678560282494745,0.537,0,1,0,1,0,1,0,1,0,0,0,0,0,0,0,0,0,-0.616186139423817,6.369900982828227,4147.0,8.572817095164234,5.43372200355424,6.6052979209482015,9.15303307175909,38.93,848.73,28166.0
吉林省,2013,12981.46,47191.0,0.6659497467927337,0.008211711163459272,0.528,10.76195847542619,0.542,0,1,0,1,0,1,0,1,0,1,0,0,0,0,0,0,0,-0.5621189181535413,6.501289670540389,4483.0,8.585412430393381,5.583496308781699,6.4967749901858625,9.064736398117391,40.38,856.19,112446.0
吉林省,2014,13803.14,50160.0,0.6201487487629627,0.0059044536243202635,0.528,10.822973175306803,0.5481,0,1,0,1,0,1,0,1,0,1,0,1,0,0,0,0,0,-0.5978370007556204,6.431331081933479,5112.0,8.577535420422398,5.726847747587197,6.630683385642372,9.054855469135788,40.38,856.19,108523.0
吉林省,2015,14063.13,51086.0,0.4991776368418695,0.00660104116224482,0.4981615,10.841265766051706,0.5531,0,1,0,1,0,1,0,1,0,1,0,1,0,1,0,0,0,-0.5978370007556204,6.699500340161678,5476.0,8.645058562414134,5.749392985908253,6.665683717782408,8.856518497019858,40.38,856.19,199851.0
吉林省,2016,14776.8,53868.0,0.4660007579448866,0.010910345947701803,0.47409999999999997,10.894291888569933,0.5597,0,1,0,1,0,1,0,1,0,1,0,1,0,1,0,1,0,-0.6348782724359695,6.86171134048073,5364.0,8.700014623251842,5.438079308923196,6.601230118728877,8.83724564389847,40.38,856.19,157905.0
黑龙江省,2008,8310.0,21727.0,1.2008893682310469,0.007689530685920577,0.525,9.98631100573524,0.5539999999999999,0,0,0,0,0,0,0,0,0,0,0,0,0,0,0,0,0,-0.23572233352106983,6.19644412779452,2832.0,8.387539983189367,5.645446897643238,6.6039438246004725,9.208277305316894,39.54,2026.5,120609.0
黑龙江省,2009,8587.0,22447.0,1.2189007604518458,0.010725515313846511,0.473,10.018912253951546,0.555,0,1,0,0,0,0,0,0,0,0,0,0,0,0,0,0,0,-0.2613647641344075,6.234410725718371,3241.0,8.391176350832751,5.746203190540153,6.741700694652055,9.255954144369415,42.39,2184.16,213124.0
黑龙江省,2010,10368.6,27076.0,1.0834158005902434,0.01160233782767201,0.502,10.206403005628498,0.5566,0,1,0,1,0,0,0,0,0,0,0,0,0,0,0,0,0,-0.35667494393873245,6.565264970035361,3719.0,8.432941638968646,6.373319789577012,6.921658184151129,9.326656118356627,42.39,2184.16,233777.0
黑龙江省,2011,12582.0,32819.0,0.9631618089333969,0.007312033063106025,0.503,10.398762894953803,0.565,0,1,0,1,0,1,0,0,0,0,0,0,0,0,0,0,0,-0.342490308946776,6.658011045870748,3966.0,8.124743020385568,6.338594078203183,6.890609120147166,9.402488646372941,42.39,2184.16,123763.0
黑龙江省,2012,13691.58,35711.0,0.9317989640348301,0.007997616053077878,0.441,10.48321404355681,0.569,0,1,0,1,0,1,0,1,0,0,0,0,0,0,0,0,0,-0.37106368139083207,6.838405200847344,4067.0,8.271548374755515,6.429719478039138,7.014814351275545,9.453898136079053,42.39,2184.16,162299.0
黑龙江省,2013,14382.93,37509.0,0.82410190413219,0.004484482647137961,0.41100000000000003,10.532336183163109,0.574,0,1,0,1,0,1,0,1,0,1,0,0,0,0,0,0,0,-0.4462871026284195,6.940222469119639,4738.0,8.318254328798846,6.3080984415095305,6.898714534329988,9.3803362790795,43.16,2207.4,124122.0
黑龙江省,2014,15039.38,39226.0,0.7949130881725178,0.003377798818834287,0.369,10.577095071221457,0.5801,0,1,0,1,0,1,0,1,0,1,0,1,0,0,0,0,0,-0.527632742082372,6.983789965258135,4882.0,8.367532416861831,6.269096283706261,6.727431724850855,9.388904879892426,43.16,2207.4,101079.0
黑龙江省,2015,15083.67,39461.56442,0.7361603641554078,0.0037119149384731965,0.3180977,10.583082424507918,0.588,0,1,0,1,0,1,0,1,0,1,0,1,0,1,0,0,0,-0.5978370007556204,7.338238150065589,5144.0,8.33375100695358,6.095824562432225,6.522092798170152,9.315060682746585,43.16,2207.4,134972.0
黑龙江省,2016,15386.09,40432.0,0.7194810377425324,0.004773142494291922,0.28600000000000003,10.607376829627976,0.5920000000000001,0,1,0,1,0,1,0,1,0,1,0,1,0,1,0,1,0,-0.6539264674066639,7.4821189235521155,5295.0,8.28045768658256,4.700480365792417,6.437751649736401,9.311994025702683,43.16,2207.4,92999.0
上海,2008,13698.15,73124.0,0.7451632738727493,0.0415165551552582,0.455,11.199911909226977,0.8859999999999999,1,0,0,0,0,0,0,0,0,0,0,0,0,0,0,0,0,0.22314355131420976,7.616775808698373,8195.0,9.841186526338749,5.062595033026967,5.288267030694535,9.230864141147828,3.17,2.25,1915.0
上海,2009,15046.45,78989.0,0.6890248224664289,0.028471832226206178,0.39899999999999997,11.27706388124797,0.8859999999999999,1,1,1,0,0,0,0,0,0,0,0,0,0,0,0,0,0,0.14842000511827322,7.769800996003896,12840.0,9.792891131194102,5.605802066295998,5.786897381366708,9.246419376280294,9.41,7.46,2051.0
上海,2010,17165.98,76074.0,0.6525190807632305,0.028247731851021612,0.42100000000000004,11.239461829756003,0.893,1,1,1,1,1,0,0,0,0,0,0,0,0,0,0,0,0,0.1570037488096647,8.011686729127847,14464.0,9.722205455316836,4.941642422609304,5.293304824724492,9.323769900412632,9.41,7.46,1349.0
上海,2011,19195.69,82560.0,0.5871361107623639,0.02659972108322233,0.413,11.32128058071539,0.893,1,1,1,1,1,1,1,0,0,0,0,0,0,0,0,0,0,0.1570037488096647,8.239065331769268,14603.0,9.20653313363323,4.61512051684126,4.976733742420574,9.32994244551287,9.41,7.46,710.0
上海,2012,20181.72,85373.0,0.5629922717191597,0.026751931946335593,0.389,11.354785170537204,0.893,1,1,1,1,1,1,1,1,1,0,0,0,0,0,0,0,0,0.13976194237515863,8.445482343862237,14061.0,9.187276432377631,4.74493212836325,5.075173815233827,9.338043146158608,9.41,7.46,1168.0
上海,2013,21602.12,90092.0,0.5252262277961608,0.02829814851505315,0.37200000000000005,11.408586649421268,0.8959999999999999,1,1,1,1,1,1,1,1,1,1,1,0,0,0,0,0,0,0.09531017980432493,8.472195825485501,16420.0,9.188299241099303,4.7535901911063645,4.962844630259907,9.336620537886512,10.74,7.73,862.0
上海,2014,23567.7,97370.0,0.4703471276365534,0.02631143471785537,0.34700000000000003,11.486273433972801,0.8959999999999999,1,1,1,1,1,1,1,1,1,1,1,1,1,0,0,0,0,0.08617769624105241,8.446126742982377,16787.0,9.1557785839835,4.962844630259907,5.10594547390058,9.313348122050412,10.74,7.73,899.0
上海,2015,25123.45,103795.536,0.43509151808370267,0.021617090805601938,0.3180694,11.550178243008803,0.8759999999999999,1,1,1,1,1,1,1,1,1,1,1,1,1,1,1,0,0,0.12221763272424911,8.60061479955531,20949.0,9.104312967330653,4.844187086458591,4.976733742420574,9.299358068293836,10.74,7.73,3241.0
上海,2016,28178.65,116562.0,0.398954527629961,0.017569684850054914,0.2983,11.666178599266836,0.879,1,1,1,1,1,1,1,1,1,1,1,1,1,1,1,1,1,0.13976194237515863,8.753371421000903,24747.0,9.03013657115323,4.955827057601261,5.093750200806762,9.32741204356202,10.74,7.73,3941.0
江苏省,2008,30312.61,39622.0,0.7334318542679102,0.05916679560090669,0.55,10.587139798534272,0.5429999999999999,0,0,0,0,0,0,0,0,0,0,0,0,0,0,0,0,0,-0.35667494393873245,7.65491704784832,4049.0,11.089729082831749,5.5134287461649825,6.0063531596017325,10.009298487739839,7.54,99.88,88655.0
江苏省,2009,34457.3,44744.0,0.6880770486950516,0.048663127987393084,0.539,10.708712636501424,0.556,0,1,0,0,0,0,0,0,0,0,0,0,0,0,0,0,0,-0.3285040669720361,7.988542982737695,4983.0,11.015624634135149,5.780743515792329,6.18826412308259,10.073621697785118,10.48,128.64,83713.0
江苏省,2010,41425.48,52840.0,0.6221703574708126,0.041783462738391924,0.525,10.875023758636262,0.6058,0,1,0,1,0,0,0,0,0,0,0,0,0,0,0,0,0,-0.31471074483970024,8.526549286340263,5841.0,11.068761107722787,5.683579767338681,6.171700597410915,10.157110092299401,10.48,128.64,86256.0
江苏省,2011,49110.27,62290.0,0.5617760659837545,0.039665837715817893,0.513,11.03955617824819,0.619,0,1,0,1,0,1,0,0,0,0,0,0,0,0,0,0,0,-0.3285040669720361,8.81877816903701,6554.0,10.677477120940175,5.616771097666572,6.393590753950631,10.225171490007039,10.48,128.64,57294.0
江苏省,2012,54058.22,68347.0,0.5336809360352598,0.03936681599949092,0.502,11.132352949455102,0.63,0,1,0,1,0,1,0,1,0,0,0,0,0,0,0,0,0,-0.3285040669720361,9.2259184019395,6727.0,10.733326750679167,6.0330862217988015,6.733401891837359,10.26985977452079,10.48,128.64,57341.0
江苏省,2013,59161.75,74607.0,0.49364665514458245,0.03911987052445203,0.49200000000000005,11.219989615569899,0.6411,0,1,0,1,0,1,0,1,0,1,0,0,0,0,0,0,0,-0.3285040669720361,9.403272107882152,6909.0,10.74477452654493,6.0014148779611505,6.811244378601294,10.282095206474409,15.8,178.7,65258.0
江苏省,2014,65088.32,81874.0,0.45880735591270444,0.03819272029144399,0.474,11.312936759122506,0.6520999999999999,0,1,0,1,0,1,0,1,0,1,0,1,0,0,0,0,0,-0.3011050927839216,9.40771473139643,7006.0,10.793598566626898,6.102558594613569,6.926577033222725,10.30437553490118,15.8,178.7,59209.0
江苏省,2015,70116.38,87995.0,0.4331940696310905,0.03214277177458391,0.457018,11.385035273664311,0.6652,0,1,0,1,0,1,0,1,0,1,0,1,0,1,0,0,0,-0.2744368457017603,9.611931318535747,7356.0,10.789071623631122,6.523562306149512,7.282761179605593,10.321342258290215,15.8,178.7,45216.0
江苏省,2016,77388.28,96887.0,0.40329104096899426,0.03072842554453982,0.4473,11.481300629952015,0.6772,0,1,0,1,0,1,0,1,0,1,0,1,0,1,0,1,0,-0.2484613592984996,9.75973264889099,8805.0,10.776870783399007,5.971261839790462,7.367708572374371,10.348493835264826,15.8,178.7,30625.0
浙江省,2008,21486.92,42214.0,0.7030735042528199,0.027546991378941236,0.539,10.650507198560563,0.5760000000000001,0,0,0,0,0,0,0,0,0,0,0,0,0,0,0,0,0,-0.342490308946776,7.2868764117507,6262.0,10.982169205715358,5.552959584921617,5.902633333401366,9.622905819574136,54.41,654.79,8524.0
浙江省,2009,22990.35,44641.0,0.6771056095274757,0.02320973799876905,0.518,10.706407998237976,0.579,0,1,0,0,0,0,0,0,0,0,0,0,0,0,0,0,0,-0.3285040669720361,7.5443321080536885,7826.0,11.001616391027698,5.762051382780177,6.073044534100405,9.652901816551633,57.41,667.97,27422.0
浙江省,2010,27722.31,51711.0,0.6083653569994708,0.020106549562428237,0.516,10.853425803822502,0.6162,0,1,0,1,0,0,0,0,0,0,0,0,0,0,0,0,0,-0.31471074483970024,8.09346227450118,9258.0,11.072309749579041,5.786897381366708,6.063785208687608,9.733013120603065,57.41,667.97,15214.0
浙江省,2011,32318.85,59249.0,0.5516058560251988,0.017225241615960965,0.512,10.989504181217818,0.623,0,1,0,1,0,1,0,0,0,0,0,0,0,0,0,0,0,-0.2876820724517809,8.34711636103872,9838.0,10.454437327386273,6.040254711277414,6.270988431858299,9.78848441251197,57.41,667.97,40473.0
浙江省,2012,34665.33,63374.0,0.5214484645032947,0.017461250188589,0.5,11.05680896167629,0.632,0,1,0,1,0,1,0,1,0,0,0,0,0,0,0,0,0,-0.2876820724517809,8.615045591583742,10643.0,10.50495794452417,6.07073772800249,6.434546518787453,9.802350499933286,57.41,667.97,43923.0
浙江省,2013,37568.49,68462.0,0.49616047916751516,0.020165835784190424,0.491,11.134034125797095,0.64,0,1,0,1,0,1,0,1,0,1,0,0,0,0,0,0,0,-0.31471074483970024,8.934718614016768,11042.0,10.516075225237657,6.129050210060545,6.628041376179533,9.833065088239582,59.07,660.74,42362.0
浙江省,2014,40173.03,73002.0,0.4686228546863406,0.01845516755893195,0.47700000000000004,11.198242117015504,0.6487,0,1,0,1,0,1,0,1,0,1,0,1,0,0,0,0,0,-0.37106368139083207,8.830835365537549,10526.0,10.617441757777067,6.270988431858299,6.78105762593618,9.842994172107165,59.07,660.74,39396.0
浙江省,2015,42886.49,77643.68607,0.45725355467421097,0.018670725909254872,0.45962420000000004,11.259885512585653,0.6579999999999999,0,1,0,1,0,1,0,1,0,1,0,1,0,1,0,0,0,-0.4307829160924542,9.101752431559284,10525.0,10.62539224351527,6.2324480165505225,6.823286122355687,9.883794919190391,59.07,660.74,71595.0
浙江省,2016,47251.36,84916.0,0.4291093420379858,0.015325061543202142,0.4486,11.349417811551893,0.67,0,1,0,1,0,1,0,1,0,1,0,1,0,1,0,1,0,-0.4942963218147801,9.231024963169016,11121.0,10.599829623992592,6.037870919922137,6.905753276311464,9.91719319959224,59.07,660.74,55648.0
安徽省,2008,8874.17,14485.0,0.9381641021075773,0.0210498559301884,0.466,9.580868910203451,0.405,0,0,0,0,0,0,0,0,0,0,0,0,0,0,0,0,0,-0.7765287894989963,5.883322388488279,2949.0,9.340666633651757,5.961005339623274,6.269096283706261,9.027069688904351,24.03,412.32,34115.0
安徽省,2009,10062.82,16408.0,0.8840366070346087,0.019080138569506362,0.48700000000000004,9.705524299752216,0.42100000000000004,0,1,0,0,0,0,0,0,0,0,0,0,0,0,0,0,0,-0.7765287894989963,6.396929655216146,3420.0,9.555489144076292,5.786897381366708,6.115892125483034,9.093345921554715,26.06,439.4,68952.0
安徽省,2010,12359.33,20888.0,0.7853662455812734,0.016942665985939367,0.521,9.946930110378965,0.4301,0,1,0,1,0,0,0,0,0,0,0,0,0,0,0,0,0,-0.7765287894989963,6.7912214627261855,4205.0,9.697508347391498,5.771441123130016,6.267200548541362,9.180561407300669,26.06,439.4,48711.0
安徽省,2011,15300.65,25659.0,0.6908355723449657,0.014509187518177332,0.5429999999999999,10.152649666248891,0.44799999999999995,0,1,0,1,0,1,0,0,0,0,0,0,0,0,0,0,0,-0.7133498878774648,7.292337176173877,4776.0,9.428029072607428,5.666426688112432,6.175867270105761,9.26579715052231,26.06,439.4,45629.0
安徽省,2012,17212.05,28792.0,0.6598835170708893,0.02010219584535253,0.546,10.267852849758867,0.465,0,1,0,1,0,1,0,1,0,0,0,0,0,0,0,0,0,-0.6931471805599453,7.743269700829004,4825.0,9.582868979838082,6.045005314036012,6.436150368369428,9.337673050960483,26.06,439.4,43786.0
安徽省,2013,19038.87,31684.0,0.6143221735323577,0.015772994930896636,0.546,10.36356710058417,0.47859999999999997,0,1,0,1,0,1,0,1,0,1,0,0,0,0,0,0,0,-0.7339691750802004,7.991592282068092,5080.0,9.623376745580666,5.945420608606575,6.406879986069314,9.36700218198956,27.53,443.18,172086.0
安徽省,2014,20848.75,34425.0,0.5761016847532826,0.014422927033994844,0.531,10.446538323596856,0.4915,0,1,0,1,0,1,0,1,0,1,0,1,0,0,0,0,0,-0.8209805520698302,8.38776764397578,5394.0,9.784816622818449,5.8289456176102075,6.419994928147142,9.39357817555449,27.53,443.18,157745.0
安徽省,2015,22005.63,35996.56412,0.558993312166023,0.012093364289047847,0.49745579999999995,10.491178771772343,0.505,0,1,0,1,0,1,0,1,0,1,0,1,0,1,0,0,0,-0.8915981192837836,8.704502289721232,5457.0,9.856238699935517,6.049733455231958,6.6293632534374485,9.417435838868785,27.53,443.18,236941.0
安徽省,2016,24407.62,39561.0,0.5188133869668571,0.009286444151457619,0.4843,10.585599063475808,0.5199,0,1,0,1,0,1,0,1,0,1,0,1,0,1,0,1,0,-0.9942522733438669,9.042394981126735,5924.0,9.895354569305939,5.7430031878094825,6.813444599510896,9.44643963445061,27.53,443.18,128042.0
福建省,2008,10823.11,30123.0,0.7626306588402039,0.031950151111833844,0.5,10.313044278547546,0.499,0,0,0,0,0,0,0,0,0,0,0,0,0,0,0,0,0,-0.23572233352106983,5.811140992976701,4384.0,9.75336209395849,5.739792912179234,6.282266746896006,9.018457511248274,62.96,908.07,33059.0
福建省,2009,12236.53,33840.0,0.7286753826452433,0.02704198003845861,0.491,10.429398813720159,0.514,0,1,0,0,0,0,0,0,0,0,0,0,0,0,0,0,0,-0.2876820724517809,6.345636360828596,5427.0,9.806646201086572,5.459585514144159,6.340359303727752,9.095654083943487,63.1,914.81,33261.0
福建省,2010,14737.12,40025.0,0.6655656308695321,0.030080504196206587,0.51,10.597259537864915,0.5710000000000001,0,1,0,1,0,0,0,0,0,0,0,0,0,0,0,0,0,-0.2744368457017603,6.715383386334681,6256.0,9.864070820172337,5.5909869805108565,6.456769655572163,9.191006735886432,63.1,914.81,29875.0
福建省,2011,17560.18,47377.0,0.6066336529579993,0.029162571226490845,0.516,10.76589215785248,0.581,0,1,0,1,0,1,0,0,0,0,0,0,0,0,0,0,0,-0.2876820724517809,7.075808863978387,7764.0,9.55506418479516,5.634789603169249,6.4457198193855785,9.273558906689864,63.1,914.81,212724.0
福建省,2012,19701.78,52763.0,0.5677375881773119,0.024485097285625968,0.517,10.87356546647324,0.596,0,1,0,1,0,1,0,1,0,0,0,0,0,0,0,0,0,-0.3011050927839216,7.377133712833954,8646.0,9.63776264743639,5.8916442118257715,6.590301048196686,9.322368309892264,63.1,914.81,98042.0
福建省,2013,21759.64,57856.0,0.5142548314218434,0.02123196891125037,0.52,10.965712443751848,0.6077,0,1,0,1,0,1,0,1,0,1,0,0,0,0,0,0,0,-0.342490308946776,7.518607216815252,9050.0,9.668144893764921,6.148468295917647,6.776506992372183,9.322775801305971,65.95,926.82,100185.0
福建省,2014,24055.76,63472.0,0.503413735421371,0.017916706851082653,0.52,11.058354142754112,0.618,0,1,0,1,0,1,0,1,0,1,0,1,0,0,0,0,0,-0.4462871026284195,7.447751280047908,9136.0,9.725795264125836,6.075346031088684,6.852242569051878,9.401786836547139,65.95,926.82,44346.0
福建省,2015,25979.82,67965.51995,0.45662364096441005,0.016866425556451122,0.5028834,11.126755796001248,0.626,0,1,0,1,0,1,0,1,0,1,0,1,0,1,0,0,0,-0.527632742082372,7.835974581721566,8881.0,9.754987544217684,5.993961427306569,6.759255270663693,9.381179591661104,65.95,926.82,253824.0
福建省,2016,28810.58,74707.0,0.41776319671454026,0.011830029107362642,0.4892,11.22132907489657,0.636,0,1,0,1,0,1,0,1,0,1,0,1,0,1,0,1,0,-0.5978370007556204,8.261268150577648,9218.0,9.756262832779603,6.082218910376446,6.917705609835305,9.395657437749936,65.95,926.82,228675.0
江西省,2008,6480.33,14781.0,0.8306620851098633,0.03492106111880105,0.527,9.601097851212073,0.41359999999999997,0,0,0,0,0,0,0,0,0,0,0,0,0,0,0,0,0,-0.4155154439616658,4.976733742420574,2136.0,8.904765846682814,4.418840607796598,5.187385805840755,8.590994505126494,55.86,1044.69,267032.0
江西省,2009,7655.18,17335.0,0.7592952014191697,0.039803113708626055,0.512,9.760482858119124,0.4318,0,1,0,0,0,0,0,0,0,0,0,0,0,0,0,0,0,-0.4155154439616658,5.262690188904886,2643.0,8.927844826211702,4.912654885736052,5.703782474656201,8.667773172450891,58.32,1054.92,228630.0
江西省,2010,9451.26,21253.0,0.6723846936810541,0.023901575028091492,0.542,9.964253340858692,0.44060000000000005,0,1,0,1,0,0,0,0,0,0,0,0,0,0,0,0,0,-0.4942963218147801,5.7745515455444085,3144.0,8.975630184290507,5.0106352940962555,5.638354669333745,8.756978709810113,58.32,1054.92,200778.0
江西省,2011,11702.82,26150.0,0.5920089269082154,0.01820928630877002,0.546,10.171604469493069,0.457,0,1,0,1,0,1,0,0,0,0,0,0,0,0,0,0,0,-0.5108256237659907,6.12029741895095,4148.0,8.776630098427717,4.859812404361672,5.802118375377063,8.843351550966506,58.32,1054.92,164521.0
江西省,2012,12948.88,28800.0,0.5585749431611073,0.015630695473276456,0.536,10.268130666124037,0.47509999999999997,0,1,0,1,0,1,0,1,0,0,0,0,0,0,0,0,0,-0.4942963218147801,6.3784261836515865,4745.0,8.884194633072273,4.897839799950911,5.697093486505405,8.886398092544908,58.32,1054.92,138645.0
江西省,2013,14338.5,31771.0,0.5288558775325174,0.010663598005370157,0.535,10.366309203003638,0.48869999999999997,0,1,0,1,0,1,0,1,0,1,0,0,0,0,0,0,0,-0.5621189181535413,6.55250788703459,5203.0,8.936035096566041,5.003946305945459,5.857933154483459,8.933664178700935,60.01,1069.66,153368.0
江西省,2014,15714.63,34674.0,0.5125796789361251,0.00827254602876428,0.525,10.453745405545833,0.5022,0,1,0,1,0,1,0,1,0,1,0,1,0,0,0,0,0,-0.6348782724359695,6.71295620067707,5288.0,9.104535313079205,5.123963979403259,5.908082938168931,8.994048295611075,60.01,1069.66,131973.0
江西省,2015,16723.78,36724.0,0.5036540782048078,0.007093964402784539,0.5029706,10.511185771263591,0.5162,0,1,0,1,0,1,0,1,0,1,0,1,0,1,0,0,0,-0.7133498878774648,7.19668657083435,5358.0,9.204422898212146,5.272999558563747,6.139884552226255,9.038721338315364,60.01,1069.66,233694.0
江西省,2016,18499.0,40400.0,0.47191740094059137,0.012425536515487324,0.47729999999999995,10.606585063949241,0.531,0,1,0,1,0,1,0,1,0,1,0,1,0,1,0,1,0,-0.7985076962177716,7.387090235656757,5709.0,9.299358068293836,5.3230099791384085,6.565264970035361,9.074520648833648,60.01,1069.66,289560.0
山东省,2008,31072.06,33083.0,0.9838404492653529,0.023773769746840086,0.57,10.406774834263818,0.47600000000000003,0,0,0,0,0,0,0,0,0,0,0,0,0,0,0,0,0,-0.4462871026284195,7.277247726631484,2970.0,10.660290051825195,5.572154032177765,6.630683385642372,10.327772762937164,13.44,284.64,185575.0
山东省,2009,33896.65,35894.0,0.9564436585916306,0.02295802092537168,0.5579999999999999,10.488325429589223,0.4832,0,1,0,0,0,0,0,0,0,0,0,0,0,0,0,0,0,-0.4155154439616658,7.53689712956617,3505.0,10.725863131103859,5.6240175061873385,6.824373670043086,10.386538071635805,16.72,342.12,182171.0
山东省,2010,39169.92,41106.0,0.8886352877412056,0.02084252405927814,0.542,10.623909375230953,0.49700000000000005,0,1,0,1,0,0,0,0,0,0,0,0,0,0,0,0,0,-0.4307829160924542,7.946617563244473,3944.0,10.692785468625344,6.008813185442595,6.879355804460439,10.45759600576286,16.72,342.12,205131.0
山东省,2011,45361.85,47335.0,0.8185732762221999,0.017067205151465384,0.529,10.765005258562992,0.51,0,1,0,1,0,1,0,0,0,0,0,0,0,0,0,0,0,-0.4462871026284195,8.108021221376747,4448.0,10.486066234965218,6.274762021241939,7.0326242610280065,10.522234362044113,16.72,342.12,219028.0
山东省,2012,50013.24,51768.0,0.7777790265137792,0.015947777028642817,0.515,10.854527476737102,0.5243,0,1,0,1,0,1,0,1,0,0,0,0,0,0,0,0,0,-0.4780358009429998,8.350429973538136,4763.0,10.535424002051176,5.777652323222656,7.150701457592526,10.568730226078323,16.72,342.12,197956.0
山东省,2013,54684.33,56323.0,0.6465837654040929,0.011749252482383893,0.501,10.93885825645874,0.5375,0,1,0,1,0,1,0,1,0,1,0,0,0,0,0,0,0,-0.4942963218147801,8.553139318189707,5049.0,10.562405541545413,6.126869184114185,7.351799869057777,10.47327995406597,16.73,331.26,220473.0
山东省,2014,59426.59,60879.0,0.6143882729936212,0.013500690515811188,0.484,11.016643566645078,0.5501,0,1,0,1,0,1,0,1,0,1,0,1,0,0,0,0,0,-0.5447271754416722,8.65434302956347,5315.0,10.615358347094176,6.7912214627261855,7.624130585661289,10.505368864030821,16.73,331.26,224972.0
山东省,2015,63002.33245,64168.3001,0.6242943470579397,0.012790934377541446,0.4680129,11.06926459982176,0.5700999999999999,0,1,0,1,0,1,0,1,0,1,0,1,0,1,0,0,0,-0.6539264674066639,8.851949671253948,5560.0,10.633087195098385,6.51471269087253,7.754481547470383,10.579793715900047,16.73,331.26,221207.0
山东省,2016,68024.49,68733.0,0.5900522003178561,0.022495280743743906,0.4608,11.137984712224604,0.5902000000000001,0,1,0,1,0,1,0,1,0,1,0,1,0,1,0,1,0,-0.6733445532637656,9.01517670716893,5855.0,10.585750716493994,6.483107351457199,7.989560449333865,10.600078795498629,16.73,331.26,146684.0
河南省,2008,18407.78,19593.0,1.0308833145550416,0.008925573860617632,0.569,9.882927638570767,0.3603,0,0,0,0,0,0,0,0,0,0,0,0,0,0,0,0,0,-0.5978370007556204,6.311734809152915,2339.0,9.836278802842678,6.003887067106539,6.725033642166843,9.850944704096774,16.19,456.41,338139.0
河南省,2009,19480.46,20597.0,1.0138999577012042,0.007648690020666864,0.565,9.932900713104477,0.377,0,1,0,0,0,0,0,0,0,0,0,0,0,0,0,0,0,-0.579818495252942,6.610696044717759,2666.0,9.803943422199742,6.045005314036012,6.84587987526405,9.890971431657146,20.16,502.02,416131.0
河南省,2010,23092.36,24446.0,0.9283484996769494,0.007114907268031505,0.573,10.104221882337209,0.385,0,1,0,1,0,0,0,0,0,0,0,0,0,0,0,0,0,-0.616186139423817,6.97914527506881,3042.0,9.880628258390045,5.697093486505405,6.650279048587422,9.972909029491964,20.16,502.02,231700.0
河南省,2011,26931.03,28661.0,0.8563312858810079,0.006902818050405054,0.573,10.263292592608767,0.406,0,1,0,1,0,1,0,0,0,0,0,0,0,0,0,0,0,-0.5978370007556204,7.254177846456518,3501.0,9.816185224133331,5.616771097666572,6.717804695023691,10.045936468718267,20.16,502.02,237740.0
河南省,2012,29599.31,31499.0,0.7989075995352595,0.007060975407872683,0.563,10.357711078278063,0.4243,0,1,0,1,0,1,0,1,0,0,0,0,0,0,0,0,0,-0.616186139423817,7.4949862339505335,3831.0,9.86459078690618,5.652489180268651,6.665683717782408,10.070996344189016,20.16,502.02,228292.0
河南省,2013,32155.86,34174.0,0.6813377095185761,0.007631579438397854,0.5539999999999999,10.43922040000822,0.43799999999999994,0,1,0,1,0,1,0,1,0,1,0,0,0,0,0,0,0,-0.6539264674066639,7.534228326274089,4205.0,9.892072649720829,5.634789603169249,6.7661917146603505,9.99465279028822,21.5,504.98,253914.0
河南省,2014,34938.24,37072.0,0.6551560696818157,0.004754103240460882,0.51,10.520617246672158,0.452,0,1,0,1,0,1,0,1,0,1,0,1,0,0,0,0,0,-0.6931471805599453,7.714677473800927,4366.0,9.98727707826581,5.393627546352362,6.638567789166521,10.038455412946613,21.5,504.98,260003.0
河南省,2015,37002.16,39122.61,0.6038296142711668,0.003943534647707052,0.484225,10.574455839714632,0.4685,0,1,0,1,0,1,0,1,0,1,0,1,0,1,0,0,0,-0.7765287894989963,7.940583827104244,4611.0,10.038542783528992,5.5909869805108565,7.050989447068045,10.014268351879487,21.5,504.98,216820.0
河南省,2016,40471.79,42575.0,0.5515693770895728,0.005863837502616019,0.4763,10.659022505530888,0.485,0,1,0,1,0,1,0,1,0,1,0,1,0,1,0,1,0,-0.8675005677047231,8.07153089355666,4964.0,10.072343858376511,5.572154032177765,7.415776975415394,10.01337281606537,21.5,504.98,149002.0
湖北省,2008,11330.38,19860.0,1.1336527053814613,0.01576293116382681,0.43799999999999994,9.896462937599164,0.452,1,0,0,0,0,0,0,0,0,0,0,0,0,0,0,0,0,-0.40047756659712525,6.47543271670409,3001.0,9.3982297330736,5.634789603169249,5.998936561946683,9.460687791743918,26.77,766.0,154470.0
湖北省,2009,12961.1,22677.0,1.057611429585452,0.01529191195191766,0.466,10.029106473960287,0.46,1,1,1,0,0,0,0,0,0,0,0,0,0,0,0,0,0,-0.3856624808119846,6.6293632534374485,3532.0,9.54873932271967,5.811140992976701,6.20455776256869,9.525720840001236,31.14,822.01,149174.0
湖北省,2010,15967.61,27906.0,0.9480185105973906,0.01533103576552784,0.486,10.236596998452152,0.49700000000000005,1,1,1,1,1,0,0,0,0,0,0,0,0,0,0,0,0,-0.3856624808119846,7.029087564149662,3743.0,9.68694715235549,5.811140992976701,6.238324625039508,9.624936326737188,31.14,822.01,192213.0
湖北省,2011,19632.26,34197.0,0.8444889875134092,0.016437231373260135,0.5,10.439893199904889,0.518,1,1,1,1,1,1,1,0,0,0,0,0,0,0,0,0,0,-0.3856624808119846,7.1853870155804165,4486.0,9.271717651651086,5.697093486505405,6.249975242259483,9.715905829292332,31.14,822.01,194654.0
湖北省,2012,22250.45,38572.0,0.7943506365039809,0.014210948542613743,0.503,10.560281903630274,0.535,1,1,1,1,1,1,1,1,1,0,0,0,0,0,0,0,0,-0.4155154439616658,7.489412083508719,5043.0,9.42875274891449,5.659482215759621,6.19644412779452,9.77988720345006,31.14,822.01,198578.0
湖北省,2013,24668.49,42613.0,0.6365610542031555,0.015262385334489464,0.493,10.65991465002355,0.5451,1,1,1,1,1,1,1,1,1,1,1,0,0,0,0,0,0,-0.4307829160924542,7.650168700845001,5266.0,9.506065016071148,5.707110264748875,6.236369590203704,9.661607055884954,38.4,849.85,246858.0
湖北省,2014,27379.22,47145.0,0.5960724958563465,0.010697894242421806,0.469,10.760983237899778,0.5567,1,1,1,1,1,1,1,1,1,1,1,1,1,0,0,0,0,-0.5108256237659907,7.787796878181171,5513.0,9.677652883410428,5.648974238161206,6.234410725718371,9.700146628518098,38.4,849.85,243799.0
湖北省,2015,29550.18814,50653.85,0.5237530105282098,0.01526768621108346,0.4569703,10.832770518634078,0.5685,1,1,1,1,1,1,1,1,1,1,1,1,1,1,1,0,0,-0.579818495252942,7.999007213243955,5863.0,9.705828982731935,5.7899601708972535,6.466144724237619,9.64711032991276,38.4,849.85,288117.0
湖北省,2016,32665.38,55665.0,0.4866620256675416,0.010523985944752517,0.4486,10.927106862162807,0.581,1,1,1,1,1,1,1,1,1,1,1,1,1,1,1,1,1,-0.6931471805599453,8.206037762778815,6724.0,9.698674957906642,5.568344503761097,6.633318433280377,9.673885691160871,38.4,849.85,245705.0
湖南省,2008,11156.64,17521.0,1.1074404229230306,0.008766080110140687,0.442,9.771155440487087,0.4215,0,0,0,0,0,0,0,0,0,0,0,0,0,0,0,0,0,-0.342490308946776,6.230481447578482,2302.0,9.424725681616493,5.393627546352362,6.042632833682381,9.42184154100526,40.63,1171.42,80004.0
湖南省,2009,13059.69,20428.0,1.0207779327074378,0.0076571495954345006,0.435,9.924661787767535,0.43200000000000005,0,1,0,0,0,0,0,0,0,0,0,0,0,0,0,0,0,-0.3285040669720361,6.502790045915623,2680.0,9.496346040047019,5.236441962829949,6.0063531596017325,9.497850684678102,44.76,1234.21,125031.0
湖南省,2010,16037.96,24719.0,0.9278028122030483,0.0063412054899750344,0.45799999999999996,10.115327457678946,0.433,0,1,0,1,0,0,0,0,0,0,0,0,0,0,0,0,0,-0.342490308946776,6.937314081223682,3146.0,9.535607204755236,5.272999558563747,6.206575926724928,9.607777636334706,44.76,1234.21,213448.0
湖南省,2011,19669.56,29880.0,0.8216175933777877,0.007514148765910372,0.47600000000000003,10.304944639246754,0.451,0,1,0,1,0,1,0,0,0,0,0,0,0,0,0,0,0,-0.342490308946776,7.168579897264035,3790.0,9.431642228411022,5.420534999272286,6.398594934535208,9.690347338095984,44.76,1234.21,402435.0
湖南省,2012,22154.23,33480.0,0.7557961707538471,0.007813406288550765,0.474,10.418703524603412,0.46649999999999997,0,1,0,1,0,1,0,1,0,0,0,0,0,0,0,0,0,-0.3285040669720361,7.45876269238096,4049.0,9.456027887725288,5.3706380281276624,6.408528791059498,9.725800173335,44.76,1234.21,404239.0
湖南省,2013,24501.67,36763.0,0.6088972710839711,0.0073097058282149754,0.47,10.51224718358581,0.4796,0,1,0,1,0,1,0,1,0,1,0,0,0,0,0,0,0,-0.37106368139083207,7.67693714581808,4243.0,9.497247143960212,5.424950017481403,6.517671272912275,9.610390847382849,47.77,1252.78,349772.0
湖南省,2014,27037.32,40271.0,0.566513249094215,0.007926081431147761,0.462,10.603386885918606,0.4928,0,1,0,1,0,1,0,1,0,1,0,1,0,0,0,0,0,-0.4462871026284195,7.7039102096163115,4227.0,9.526828536269633,5.579729825986222,6.651571873589727,9.636718601664555,47.77,1252.78,391942.0
湖南省,2015,28902.2139,42753.86,0.502176063405302,0.007671166671422358,0.4432471,10.663214762686454,0.5089,0,1,0,1,0,1,0,1,0,1,0,1,0,1,0,0,0,-0.5447271754416722,7.994969522697877,4304.0,9.546241016698438,5.62040086571715,6.597145701886651,9.582868979838082,47.77,1252.78,559829.0
湖南省,2016,31551.37,46382.0,0.4705025487007379,0.006460258302571331,0.4228,10.744666731915155,0.5275,0,1,0,1,0,1,0,1,0,1,0,1,0,1,0,1,0,-0.6539264674066639,8.09437844497296,4640.0,9.574010790427302,5.501258210544727,6.612041034833092,9.60541838719786,47.77,1252.78,503235.0
广东省,2008,35696.46,37589.0,0.6576610490227883,0.026240697256814823,0.516,10.534466733384463,0.6336999999999999,1,0,0,0,0,0,0,0,0,0,0,0,0,0,0,0,0,0.1906203596086497,7.97522083865341,5953.0,10.86997697994303,5.855071922202427,6.565264970035361,10.06374119846537,46.49,1048.14,9387.0
广东省,2009,39482.56,41166.0,0.6244198334657125,0.02075093408330159,0.49200000000000005,10.625367951918946,0.634,1,1,1,0,0,0,0,0,0,0,0,0,0,0,0,0,0,0.19885085874516517,8.215817791832453,6513.0,10.862607862385639,6.324358962381311,6.823286122355687,10.112682005974479,49.44,1073.07,19952.0
广东省,2010,46013.06,44736.0,0.5847909384857256,0.018457803067216134,0.5,10.708533825593483,0.6618,1,1,1,1,1,0,0,0,0,0,0,0,0,0,0,0,0,0.16551443847757333,8.57583938684897,7486.0,10.885360011219552,6.53813982376767,6.873163834212518,10.200179681000417,49.44,1073.07,95144.0
广东省,2011,53210.28,50807.0,0.5352347005127581,0.017214718659627426,0.49700000000000005,10.835789419349267,0.665,1,1,1,1,1,1,1,0,0,0,0,0,0,0,0,0,0,0.12221763272424911,8.796490207333578,7879.0,10.553335714950922,6.298949246855942,6.792344427470809,10.256956954711221,49.44,1073.07,125476.0
广东省,2012,57067.92,54095.0,0.5106899464708018,0.02080503372122201,0.485,10.898497039121674,0.674,1,1,1,1,1,1,1,1,1,0,0,0,0,0,0,0,0,0.09531017980432493,9.01724094201035,8112.0,10.539799796343535,6.53813982376767,6.906754778648554,10.28000478474924,49.44,1073.07,107512.0
广东省,2013,62163.97,58540.0,0.45814319773978396,0.02079178662495333,0.473,10.977465560245877,0.6776000000000001,1,1,1,1,1,1,1,1,1,1,1,0,0,0,0,0,0,0.06765864847381486,9.140132476932687,9090.0,10.547812068398505,6.678342114654332,7.044905117129371,10.256957365525912,51.26,1076.44,139058.0
广东省,2014,67809.85,63469.0,0.43641152428445124,0.01949569273490503,0.46299999999999997,11.05830687670137,0.68,1,1,1,1,1,1,1,1,1,1,1,1,1,0,0,0,0,-0.01005033585350145,9.20230820027892,9083.0,10.624565998024766,6.773080375655535,7.177782416195197,10.295293125858327,51.26,1076.44,151473.0
广东省,2015,72812.55,67503.0,0.41362375030128734,0.019199960721057015,0.447911,11.11992732031744,0.6870999999999999,1,1,1,1,1,1,1,1,1,1,1,1,1,1,1,0,0,-0.06187540371808753,9.428511581663834,9796.0,10.64811176060366,6.699500340161678,7.156176637480615,10.312845075359636,51.26,1076.44,401331.0
广东省,2016,80854.93,74016.0,0.38601233097351023,0.01908046918103819,0.43420000000000003,11.212036565031166,0.6920000000000001,1,1,1,1,1,1,1,1,1,1,1,1,1,1,1,1,1,-0.11653381625595151,9.642707033281853,11097.0,10.661673129275295,6.530877627725885,7.207118856207756,10.348525875764018,51.26,1076.44,305404.0
广西壮族自治区,2008,7171.58,14966.0,0.9059445157134133,0.018419929778375196,0.424,9.613536240640304,0.38159999999999994,0,0,0,0,0,0,0,0,0,0,0,0,0,0,0,0,0,-0.2484613592984996,5.3230099791384085,2826.0,8.599141774063405,4.553876891600541,5.666426688112432,8.77910406080802,41.41,1366.22,129054.0
广西壮族自治区,2009,7759.16,16045.0,0.9118207885905175,0.019422205496471265,0.436,9.683152553543957,0.392,0,1,0,0,0,0,0,0,0,0,0,0,0,0,0,0,0,-0.2613647641344075,5.356586274672012,3260.0,8.644354337032917,5.3471075307174685,5.860786223465865,8.864317549353181,52.71,1496.45,139409.0
广西壮族自治区,2010,9569.85,20219.0,0.8274919178461523,0.015789171199130602,0.47100000000000003,9.914378035367301,0.4,0,1,0,1,0,0,0,0,0,0,0,0,0,0,0,0,0,-0.37106368139083207,5.648974238161206,3562.0,8.792245847467877,5.545177444479562,5.908082938168931,8.977016867822694,52.71,1496.45,143254.0
广西壮族自治区,2011,11720.87,25326.0,0.7329971077232321,0.013480228003552636,0.484,10.139586815010555,0.418,0,1,0,1,0,1,0,0,0,0,0,0,0,0,0,0,0,-0.40047756659712525,5.886104031450156,3772.0,8.526351129201004,5.648974238161206,6.042632833682381,9.058512768383297,52.71,1496.45,147810.0
广西壮族自治区,2012,13035.1,27952.0,0.7022964649293063,0.013854899463755552,0.479,10.238244032373839,0.4353,0,1,0,1,0,1,0,1,0,0,0,0,0,0,0,0,0,-0.4155154439616658,6.5638555265321274,4203.0,8.56388591940822,5.54907608489522,6.159095388491933,9.122001354061233,52.71,1496.45,148878.0
广西壮族自治区,2013,14378.0,30588.0,0.6329113924050633,0.01167060787313952,0.47700000000000004,10.328363054164116,0.4481,0,1,0,1,0,1,0,1,0,1,0,0,0,0,0,0,0,-0.4620354595965587,6.955592608396297,4593.0,8.593413217327646,5.455321115357702,6.327936783729195,9.116029692504942,56.51,1527.17,149875.0
广西壮族自治区,2014,15672.89,33090.0,0.6070992650366334,0.01020871071002221,0.467,10.406986400915658,0.46009999999999995,0,1,0,1,0,1,0,1,0,1,0,1,0,0,0,0,0,-0.5447271754416722,7.3796321526095525,4854.0,8.602820277383675,5.583496308781699,6.327936783729195,9.16062477973025,56.51,1527.17,143651.0
广西壮族自治区,2015,16803.12,35190.0,0.5835820966582397,0.01342576259647018,0.4592909,10.46851723031563,0.4706,0,1,0,1,0,1,0,1,0,1,0,1,0,1,0,0,0,-0.6348782724359695,7.8009820712577405,4960.0,8.615770754777232,5.69035945432406,6.495265555937008,9.190749722211178,56.51,1527.17,197575.0
广西壮族自治区,2016,18317.64,38027.0,0.5519269949622332,0.011651064220063283,0.4517,10.546051712719995,0.4808,0,1,0,1,0,1,0,1,0,1,0,1,0,1,0,1,0,-0.7133498878774648,7.958227192322312,5237.0,8.605936401250625,5.484796933490655,6.698268054115413,9.221280312014517,56.51,1527.17,193341.0
四川省,2008,12506.25,15378.0,1.211000051974013,0.017159420289855072,0.46299999999999997,9.640693195592126,0.374,0,0,0,0,0,0,0,0,0,0,0,0,0,0,0,0,0,-0.5621189181535413,2.6390573296152584,5443.0,6.306275286948016,3.4011973816621555,3.58351893845611,7.03467890079523,48.87,194.47,17292.0
四川省,2009,14151.28,17339.0,1.1533760472550894,0.017955972887258254,0.474,9.760713578544673,0.387,0,1,0,0,0,0,0,0,0,0,0,0,0,0,0,0,0,-0.5621189181535413,3.5553480614894135,6261.0,6.202535517187923,3.6109179126442243,4.02535169073515,7.1168164575040045,51.98,208.73,19377.0
四川省,2010,17185.48,21182.0,1.0411013419468063,0.018509811771332544,0.505,9.960907043403614,0.4018,0,1,0,1,0,0,0,0,0,0,0,0,0,0,0,0,0,-0.527632742082372,3.912023005428146,8735.0,6.208590026096629,3.295836866004329,4.110873864173311,7.214141287154196,51.98,208.73,14166.0
四川省,2011,21026.68,26133.0,0.9367236444364969,0.014415019394407487,0.525,10.170954162487002,0.418,0,1,0,1,0,1,0,0,0,0,0,0,0,0,0,0,0,-0.4620354595965587,4.356708826689592,8943.0,5.8805329864007,3.4657359027997265,4.61512051684126,7.378146770499576,51.98,208.73,10914.0
四川省,2012,23872.8,29608.0,0.8618594119667572,0.017744043430179955,0.517,10.295799874065992,0.4353,0,1,0,1,0,1,0,1,0,0,0,0,0,0,0,0,0,-0.4780358009429998,4.68213122712422,7894.0,5.932245187448011,3.4657359027997265,4.820281565605037,7.431288478410755,51.98,208.73,17734.0
四川省,2013,26260.77,32454.0,0.7315855551836447,0.016393274073837134,0.517,10.387578981099482,0.449,0,1,0,1,0,1,0,1,0,1,0,0,0,0,0,0,0,-0.5108256237659907,4.804021044733257,8669.0,5.968707559985366,3.295836866004329,4.844187086458591,7.450079569807499,55.38,214.49,12829.0
四川省,2014,28536.66,35128.0,0.6966127080043705,0.012415608554049423,0.489,10.466753812241553,0.46299999999999997,0,1,0,1,0,1,0,1,0,1,0,1,0,0,0,0,0,-0.579818495252942,4.605170185988092,9315.0,5.945420608606575,4.07753744390572,5.117993812416755,7.506591780070841,55.38,214.49,8802.0
四川省,2015,30053.1,36775.0,0.6091218543178574,0.01112256306337782,0.4408224,10.512573545469639,0.4769,0,1,0,1,0,1,0,1,0,1,0,1,0,1,0,0,0,-0.616186139423817,4.990432586778736,9339.0,5.940171252720432,4.174387269895637,4.844187086458591,7.557994958530806,55.38,214.49,23385.0
四川省,2016,32934.54,40003.0,0.5694933039902789,0.010477450117718359,0.40840000000000004,10.596709730283713,0.4921,0,1,0,1,0,1,0,1,0,1,0,1,0,1,0,1,0,-0.7133498878774648,5.075173815233827,9878.0,5.820082930352362,3.4965075614664802,4.74493212836325,7.592870287844818,55.38,214.49,14521.0
贵州省,2008,3333.4,8824.0,2.1251535129297414,0.009389812203755924,0.423,9.085230560933338,0.29109999999999997,0,0,0,0,0,0,0,0,0,0,0,0,0,0,0,0,0,-0.37106368139083207,5.493061443340548,2785.0,8.71915396346254,4.836281906951478,5.41610040220442,8.775296761232422,22.25,366.84,106576.0
贵州省,2009,3912.68,10309.0,1.933797215719149,0.013852397844955377,0.377,9.240772579096385,0.2989,0,1,0,0,0,0,0,0,0,0,0,0,0,0,0,0,0,-0.342490308946776,5.783825182329737,3442.0,8.765926513729443,5.0106352940962555,5.62040086571715,8.857916166548236,34.85,400.18,95726.0
贵州省,2010,4602.16,13119.0,1.7764339831731188,0.0068228831679037665,0.391,9.48181684008103,0.3381,0,1,0,1,0,0,0,0,0,0,0,0,0,0,0,0,0,-0.342490308946776,6.416732282512326,4281.0,8.872066513408342,5.017279836814924,5.755742213586912,8.968971595612464,34.85,400.18,255235.0
贵州省,2011,5701.84,16413.0,1.5903375208704558,0.0045950079272655845,0.385,9.705828982731935,0.35,0,1,0,1,0,1,0,0,0,0,0,0,0,0,0,0,0,-0.35667494393873245,6.678342114654332,4734.0,8.471777327885755,5.159055299214529,5.8377304471659395,9.081592855490342,34.85,400.18,244644.0
贵州省,2012,6852.2,19710.0,1.4416360993549517,0.004684626835177024,0.391,9.888881400146765,0.3641,0,1,0,1,0,1,0,1,0,0,0,0,0,0,0,0,0,-0.3856624808119846,7.114769448366463,5080.0,8.514188682395938,5.583496308781699,6.180016653652572,9.135445043785184,34.85,400.18,206215.0
贵州省,2013,8006.79,22922.0,1.1613892708563607,0.003434584896069461,0.405,10.039852427056644,0.37829999999999997,0,1,0,1,0,1,0,1,0,1,0,0,0,0,0,0,0,-0.40047756659712525,7.153833801578843,5569.0,8.563504094279487,5.799092654460526,6.354370040797351,8.993303139093733,38.43,406.28,227883.0
贵州省,2014,9266.39,26437.0,1.047765095144927,0.002751880721618667,0.41600000000000004,10.18251982308024,0.40009999999999996,0,1,0,1,0,1,0,1,0,1,0,1,0,0,0,0,0,-0.4620354595965587,7.1459844677143876,5519.0,8.725507328484445,5.953243334287785,6.522092798170152,9.058703197313223,38.43,406.28,191001.0
贵州省,2015,10502.56,29847.24776,0.8896878475343155,0.0015432618333054038,0.3949351,10.303847912224793,0.4201,0,1,0,1,0,1,0,1,0,1,0,1,0,1,0,0,0,-0.5447271754416722,7.497207223203318,5486.0,8.796036315200814,6.113682179832232,6.450470422144176,8.955060950631902,38.43,406.28,246695.0
贵州省,2016,11776.73,33246.0,0.8156763379987484,0.002311337697306468,0.39649999999999996,10.411689738095404,0.4415,0,1,0,1,0,1,0,1,0,1,0,1,0,1,0,1,0,-0.6348782724359695,7.848543482456679,5485.0,8.822027322685583,5.262690188904886,6.137727054086234,8.984944285608679,38.43,406.28,226333.0
云南省,2008,5700.1,12587.0,1.3176646181645935,0.0041753653444676405,0.43,9.440419814291506,0.33,0,0,0,0,0,0,0,0,0,0,0,0,0,0,0,0,0,-0.5621189181535413,6.2878585601617845,3157.0,9.526974266377731,5.75890177387728,6.517671272912275,9.625430305821258,30.27,2266.02,574605.0
云南省,2009,6169.75,13539.0,1.3018455642449045,0.009238623931277605,0.419,9.51332968849511,0.34,0,1,0,0,0,0,0,0,0,0,0,0,0,0,0,0,0,-0.5447271754416722,6.546785410760524,3509.0,9.493035027916918,5.955837369464831,6.714170529909472,9.70025369386483,34.31,2311.66,487782.0
云南省,2010,7224.18,15752.0,1.2007134456782638,0.0066443527154639,0.446,9.664722620318962,0.34700000000000003,0,1,0,1,0,0,0,0,0,0,0,0,0,0,0,0,0,-0.579818495252942,6.996681488176539,4138.0,9.52558897214577,6.240275845170769,6.956545443151569,9.792099256256117,34.31,2311.66,382225.0
云南省,2011,8893.12,19265.0,1.0727708644435248,0.008298549890252239,0.425,9.866045257060257,0.368,0,1,0,1,0,1,0,0,0,0,0,0,0,0,0,0,0,-0.5621189181535413,7.21081845347222,4918.0,9.399720293137584,6.505784060128229,7.181591944611865,9.888180408695352,34.31,2311.66,251926.0
云南省,2012,10309.47,22195.0,1.0120484564191952,0.0073815627767479805,0.429,10.007622317268135,0.3931,0,1,0,1,0,1,0,1,0,0,0,0,0,0,0,0,0,-0.527632742082372,7.640603826393634,5449.0,9.450852217451484,6.621405651764134,7.2633296174768365,9.931831899178313,34.31,2311.66,112159.0
云南省,2013,11720.91,25083.0,0.8593189436656369,0.007652989400993609,0.42,10.129945604818168,0.4048,0,1,0,1,0,1,0,1,0,1,0,0,0,0,0,0,0,-0.5108256237659907,7.920083199053234,5498.0,9.485165142425407,6.612041034833092,7.264730177929867,9.863290362784715,35.22,2328.26,126191.0
云南省,2014,12814.59,27264.0,0.8158669141970207,0.005954150698539711,0.41200000000000003,10.213322429629041,0.41729999999999995,0,1,0,1,0,1,0,1,0,1,0,1,0,0,0,0,0,-0.5621189181535413,8.055157731819678,5597.0,9.493035027916918,6.823286122355687,7.3613754289773485,9.897419177134521,35.22,2328.26,98226.0
云南省,2015,13619.17,28806.0,0.7654651494914888,0.00299437484075755,0.3976836,10.268338977758996,0.43329999999999996,0,1,0,1,0,1,0,1,0,1,0,1,0,1,0,0,0,-0.616186139423817,8.37655086161377,5475.0,9.512295103714683,6.803505257608338,7.3796321526095525,9.814984153944724,35.22,2328.26,408942.0
云南省,2016,14788.42,31093.0,0.7252972258023508,0.003926721042545451,0.3848,10.344737992447081,0.45030000000000003,0,1,0,1,0,1,0,1,0,1,0,1,0,1,0,1,0,-0.6931471805599453,8.590257762273243,5762.0,9.533799735803484,6.692083742506628,7.414572881350589,9.839268980209477,35.22,2328.26,568532.0
陕西省,2008,6851.32,18246.0,1.0826317176835996,0.008830415160874109,0.561,9.81170115690542,0.42100000000000004,0,0,0,0,0,0,0,0,0,0,0,0,0,0,0,0,0,-0.579818495252942,5.003946305945459,2339.0,7.892078421248119,5.488937726156687,5.940171252720432,8.865592121430605,23.83,761.83,177878.0
陕西省,2009,8169.8,21688.0,0.9845528605351416,0.0099145633920047,0.519,9.984514391178502,0.435,0,1,0,0,0,0,0,0,0,0,0,0,0,0,0,0,0,-0.5447271754416722,5.209486152841421,2874.0,7.934155233536322,5.484796933490655,5.983936280687191,8.931463380770111,31.61,841.23,236120.0
陕西省,2010,10123.48,27133.0,0.8773773297324635,0.009255710486907666,0.5379999999999999,10.208505978234776,0.4576,0,1,0,1,0,0,0,0,0,0,0,0,0,0,0,0,0,-0.5621189181535413,5.356586274672012,3357.0,7.993957547573565,5.572154032177765,6.1463292576688975,9.008889009650714,31.61,841.23,206603.0
陕西省,2011,12512.3,33464.0,0.7800938780240244,0.00827186048927855,0.5539999999999999,10.418225513122035,0.473,0,1,0,1,0,1,0,0,0,0,0,0,0,0,0,0,0,-0.5447271754416722,5.44673737166631,3889.0,7.753194269884341,5.645446897643238,6.556778356158042,9.11249048083353,31.61,841.23,202409.0
陕西省,2012,14453.68,38564.0,0.7351560232411399,0.013173115773975902,0.5589999999999999,10.560074477784271,0.5002,0,1,0,1,0,1,0,1,0,0,0,0,0,0,0,0,0,-0.5447271754416722,5.87493073085203,4116.0,7.920083199053234,5.438079308923196,6.240275845170769,9.198103698332122,31.61,841.23,147704.0
陕西省,2013,16045.21,42692.0,0.6612565369976461,0.021732342549583335,0.555,10.661766828033855,0.5131,0,1,0,1,0,1,0,1,0,1,0,0,0,0,0,0,0,-0.5978370007556204,6.1224928095143865,4295.0,8.051659556841953,5.5909869805108565,6.373319789577012,9.137662146478197,37.09,861.22,340000.0
陕西省,2014,17689.94,46929.0,0.634371852024371,0.024307600817187625,0.541,10.75639110022988,0.5257000000000001,0,1,0,1,0,1,0,1,0,1,0,1,0,0,0,0,0,-0.6931471805599453,6.369900982828227,4312.0,8.267448958304849,5.802118375377063,6.369900982828227,9.180808569370145,37.09,861.22,320000.0
陕西省,2015,18021.8609,47626.0,0.6517639918084153,0.023954684945992455,0.5039507,10.771134109583889,0.5392,0,1,0,1,0,1,0,1,0,1,0,1,0,1,0,0,0,-0.7339691750802004,6.782192056006791,4415.0,8.407824654360873,5.765191102784844,6.432940092739179,9.142489705068009,37.09,861.22,483246.0
陕西省,2016,19399.59,51015.0,0.626095706146367,0.019743716233178124,0.4892,10.839874986109406,0.5534,0,1,0,1,0,1,0,1,0,1,0,1,0,1,0,1,0,-0.7765287894989963,6.814542897259958,4307.0,8.541495483939203,4.976733742420574,6.473890696352274,9.17014318222477,37.09,861.22,478701.0
甘肃省,2008,3176.11,12110.0,1.6832943852700315,0.003998602063530545,0.46299999999999997,9.401786836547139,0.3215,0,0,0,0,0,0,0,0,0,0,0,0,0,0,0,0,0,-0.2876820724517809,5.700443573390687,2680.0,8.107720061910534,5.58724865840025,6.513230110912307,8.924099939861424,40.77,2424.76,566135.0
甘肃省,2009,3387.56,12872.0,1.6181556311917724,0.0037785308599700084,0.451,9.46280968867222,0.3265,0,1,0,0,0,0,0,0,0,0,0,0,0,0,0,0,0,-0.31471074483970024,5.872117789475416,2931.0,8.157370441186774,5.945420608606575,6.674561391814426,8.991196523674914,47.5,2476.11,713478.0
甘肃省,2010,4120.75,16113.0,1.4373907371230965,0.00436813686828854,0.48200000000000004,9.68738167857357,0.36119999999999997,0,1,0,1,0,0,0,0,0,0,0,0,0,0,0,0,0,-0.37106368139083207,6.324358962381311,3158.0,8.188411308079031,5.8522024797744745,6.723832440821209,9.068104934532753,47.5,2476.11,661500.0
甘肃省,2011,5020.37,19595.0,1.2938841001758836,0.002868314486780855,0.474,9.883029710633732,0.37200000000000005,0,1,0,1,0,1,0,0,0,0,0,0,0,0,0,0,0,-0.37106368139083207,6.386879319362645,3635.0,7.927685045615778,5.8805329864007,6.792344427470809,9.163278114116448,47.5,2476.11,619961.0
甘肃省,2012,5650.2,21978.0,1.2401403720222293,0.00474319493115288,0.46,9.997797232006869,0.3875,0,1,0,1,0,1,0,1,0,0,0,0,0,0,0,0,0,-0.3856624808119846,6.641182169740591,4209.0,8.074337694089515,6.115892125483034,6.990256500493881,9.252794620844224,47.5,2476.11,544466.0
甘肃省,2013,6268.01,24296.0,1.1625699384653183,0.0016592187951199823,0.45,10.098067006725584,0.40130000000000005,0,1,0,1,0,1,0,1,0,1,0,0,0,0,0,0,0,-0.4307829160924542,6.82001636467413,4494.0,8.126222529458525,6.282266746896006,7.076653815443951,9.217514575724183,50.03,2501.04,524334.0
甘肃省,2014,6836.82,26433.0,1.1000728408821645,0.0023987760391527054,0.428,10.18236850853484,0.4168,0,1,0,1,0,1,0,1,0,1,0,1,0,0,0,0,0,-0.527632742082372,6.818924065275521,4998.0,8.241966560231802,6.300785794663244,6.9782137426306985,9.254835611862735,50.03,2501.04,400355.0
甘肃省,2015,6790.3169,26165.26078,1.1028940342975746,0.0024292827923833716,0.3674007,10.172187885506116,0.43189999999999995,0,1,0,1,0,1,0,1,0,1,0,1,0,1,0,0,0,-0.5978370007556204,7.099201743553092,5300.0,8.262558973010657,6.582025138892826,7.218176838403408,9.251962046667002,50.03,2501.04,582529.0
甘肃省,2016,7200.37,27643.0,1.0138367889427904,0.0018846253734183106,0.3494,10.227127810341964,0.44689999999999996,0,1,0,1,0,1,0,1,0,1,0,1,0,1,0,1,0,-0.6931471805599453,7.203405521083095,5269.0,8.341410211461865,5.924255797414532,6.912742820493176,9.280425979542871,50.03,2501.04,496451.0
宁夏回族自治区,2008,1098.51,17892.0,2.9396705355436,0.007919818663462325,0.529,9.792108964552739,0.4498,0,0,0,0,0,0,0,0,0,0,0,0,0,0,0,0,0,-0.05129329438755058,5.730099782973574,2952.0,8.300280189852664,6.154858094016418,6.558197802812269,8.911591460674753,32.55,1071.78,275245.0
宁夏回族自治区,2009,1353.31,21777.0,2.503235851357043,0.011305613643584988,0.489,9.98860964595295,0.461,0,1,0,0,0,0,0,0,0,0,0,0,0,0,0,0,0,-0.06187540371808753,6.175867270105761,3223.0,8.40737832540903,6.363028103540465,6.828712071641684,8.992632023151913,37.26,1205.8,449453.0
宁夏回族自治区,2010,1689.65,26860.0,2.1786156659663245,0.009351049033823573,0.49,10.198393470077228,0.479,0,1,0,1,0,0,0,0,0,0,0,0,0,0,0,0,0,-0.08338160893905101,6.610696044717759,3759.0,8.425954710981966,6.502790045915623,6.949856455000773,9.091794623027951,37.26,1205.8,364312.0
宁夏回族自治区,2011,2102.21,33043.0,2.0532345864590122,0.006945072090799682,0.502,10.405565022544408,0.498,0,1,0,1,0,1,0,0,0,0,0,0,0,0,0,0,0,-0.10536051565782628,6.872128101338986,4949.0,8.211754397375197,6.57507584059962,7.118826249062078,9.186126426306519,37.26,1205.8,325752.0
宁夏回族自治区,2012,2341.29,36394.0,1.9486648215300113,0.009396529263781933,0.495,10.502159204873188,0.5067,0,1,0,1,0,1,0,1,0,0,0,0,0,0,0,0,0,-0.11653381625595151,7.25063551189868,5156.0,8.36264243156764,6.641182169740591,7.202661196523238,9.271031805678302,37.26,1205.8,320287.0
宁夏回族自治区,2013,2565.06,39420.0,1.8638940219721956,0.004171442383414033,0.493,10.58202858070671,0.5201,0,1,0,1,0,1,0,1,0,1,0,0,0,0,0,0,0,-0.11653381625595151,7.6362696033793735,5280.0,8.409385238781931,6.933423025730715,7.487733761436444,9.26955223160803,41.42,1228.47,343981.0
宁夏回族自治区,2014,2752.1,41834.0,1.7971730678391047,0.002289161004323971,0.48700000000000004,10.641464685013865,0.5361,0,1,0,1,0,1,0,1,0,1,0,1,0,0,0,0,0,-0.12783337150988489,7.636752112435779,5166.0,8.533263371593732,6.9440872082295275,7.424165281042028,9.325631416310918,41.42,1228.47,335362.0
宁夏回族自治区,2015,2911.77,43805.0,1.8675925639731161,0.002974822874059421,0.4738012,10.687503245100464,0.5523,0,1,0,1,0,1,0,1,0,1,0,1,0,1,0,0,0,-0.13926206733350766,7.8528278122817445,5362.0,8.596558746796978,6.928537818164665,7.436617265234227,9.371268036082466,41.42,1228.47,379086.0
宁夏回族自治区,2016,3168.59,47194.0,1.7645072413912812,0.0033958322155911618,0.4697,10.762022044849319,0.5629,0,1,0,1,0,1,0,1,0,1,0,1,0,1,0,1,0,-0.12783337150988489,7.859413154693583,5471.0,8.676246121270838,6.61338421837956,7.497207223203318,9.40475517645752,41.42,1228.47,297642.0
新疆维吾尔自治区,2008,4203.41,19893.0,1.6818222871430577,0.0053052164790015725,0.496,9.898123190036978,0.39640000000000003,0,0,0,0,0,0,0,0,0,0,0,0,0,0,0,0,0,-0.35667494393873245,4.890349128221754,1958.0,7.570443252057374,5.272999558563747,5.793013608384144,8.58416526780477,6.66,745.55,167972.0
新疆维吾尔自治区,2009,4277.05,19942.0,1.7595207046913175,0.0034837095661729464,0.451,9.900583339388739,0.3985,0,1,0,0,0,0,0,0,0,0,0,0,0,0,0,0,0,-0.37106368139083207,5.056245805348308,2483.0,7.594381242551817,5.7430031878094825,6.272877006546167,8.60915218042985,10.42,955.44,212373.0
新疆维吾尔自治区,2010,5437.47,25034.0,1.5246432035487092,0.003917262991795817,0.47700000000000004,10.127990179887968,0.4301,0,1,0,1,0,0,0,0,0,0,0,0,0,0,0,0,0,-0.4307829160924542,5.293304824724492,3042.0,7.600902459542082,6.030685260261263,6.502790045915623,8.686619949830755,10.42,955.44,232761.0
新疆维吾尔自治区,2011,6610.05,30087.0,1.5017288976634064,0.005809335784146867,0.488,10.311848463756318,0.435,0,1,0,1,0,1,0,0,0,0,0,0,0,0,0,0,0,-0.3856624808119846,5.697093486505405,3318.0,7.223295679562314,5.950642552587727,6.45833828334479,8.778907537039915,10.42,955.44,189807.0
新疆维吾尔自治区,2012,7505.31,33796.0,1.5764020953165157,0.0040637895036980485,0.46399999999999997,10.428097731272736,0.43979999999999997,0,1,0,1,0,1,0,1,0,0,0,0,0,0,0,0,0,-0.4155154439616658,5.855071922202427,3570.0,7.45876269238096,5.921578419643816,6.7464121285733745,8.85467079391634,10.42,955.44,177330.0
新疆维吾尔自治区,2013,8360.24,37181.0,1.6305751987981207,0.005430466111020736,0.45,10.523553157094481,0.4447,0,1,0,1,0,1,0,1,0,1,0,0,0,0,0,0,0,-0.4942963218147801,6.194405391104672,3886.0,7.512071245835466,6.2766434893416445,6.9975959829819265,8.893847217670283,11.28,1042.65,174470.0
新疆维吾尔自治区,2014,9273.46,40648.0,1.6095394814880315,0.008799304682394706,0.426,10.612704913273568,0.4607,0,1,0,1,0,1,0,1,0,1,0,1,0,0,0,0,0,-0.5978370007556204,6.331501849893691,4544.0,7.645397699428633,6.137727054086234,7.037027614686276,8.925454386826402,11.28,1042.65,214025.0
新疆维吾尔自治区,2015,9324.8,40036.0,1.6800360329444064,0.005555969028826356,0.3856812,10.59753432833891,0.47229999999999994,0,1,0,1,0,1,0,1,0,1,0,1,0,1,0,0,0,-0.6733445532637656,6.499787040655854,4913.0,7.672292455628756,5.993961427306569,6.716594773520978,8.921190556249368,11.28,1042.65,319364.0
新疆维吾尔自治区,2016,9649.7,40564.0,1.6893789444231426,0.0030498357461890002,0.3779,10.610636252731886,0.48350000000000004,0,1,0,1,0,1,0,1,0,1,0,1,0,1,0,1,0,-0.7765287894989963,6.699500340161678,5201.0,7.652070746116482,5.545177444479562,6.52649485957079,8.895629627136483,11.28,1042.65,325580.0
